{
  "predictive_metrics": {
    "accuracy": 0.8633333333333333,
    "precision": 0.3333333333333333,
    "recall": 0.17142857142857143,
    "f1_score": 0.22641509433962265,
    "roc_auc": 0.7506199460916443,
    "specificity": 0.9547169811320755,
    "confusion_matrix": [
      [
        253,
        12
      ],
      [
        29,
        6
      ]
    ],
    "training_time": 1.2299273014068604
  },
  "timing_results": {
    "cultural_distance_calculation": 0.0019026994705200195,
    "communication_impact_calculation": 0.0013202357292175294,
    "prediction": 0.0033100152015686033,
    "recommendation_generation": 8.997201919555664e-05
  },
  "scalability_results": {
    "sample_sizes": [
      100,
      500,
      1000,
      2000,
      5000
    ],
    "training_times": [
      0.6987137794494629,
      1.1920750141143799,
      1.6881396770477295,
      2.749115228652954,
      5.316828727722168
    ],
    "prediction_times": [
      0.003113694190979004,
      0.0033237695693969726,
      0.0030111002922058104,
      0.003094265460968018,
      0.0037874603271484376
    ]
  }
}